--
-- PostgreSQL database dump
--

-- Dumped from database version 14.7 (Homebrew)
-- Dumped by pg_dump version 14.7 (Homebrew)

SET statement_timeout = 0;
SET lock_timeout = 0;
SET idle_in_transaction_session_timeout = 0;
SET client_encoding = 'UTF8';
SET standard_conforming_strings = on;
SELECT pg_catalog.set_config('search_path', '', false);
SET check_function_bodies = false;
SET xmloption = content;
SET client_min_messages = warning;
SET row_security = off;

SET default_tablespace = '';

SET default_table_access_method = heap;

--
-- Name: auth_group; Type: TABLE; Schema: public; Owner: postgres
--

CREATE TABLE public.auth_group (
    id integer NOT NULL,
    name character varying(150) NOT NULL
);


ALTER TABLE public.auth_group OWNER TO postgres;

--
-- Name: auth_group_id_seq; Type: SEQUENCE; Schema: public; Owner: postgres
--

ALTER TABLE public.auth_group ALTER COLUMN id ADD GENERATED BY DEFAULT AS IDENTITY (
    SEQUENCE NAME public.auth_group_id_seq
    START WITH 1
    INCREMENT BY 1
    NO MINVALUE
    NO MAXVALUE
    CACHE 1
);


--
-- Name: auth_group_permissions; Type: TABLE; Schema: public; Owner: postgres
--

CREATE TABLE public.auth_group_permissions (
    id bigint NOT NULL,
    group_id integer NOT NULL,
    permission_id integer NOT NULL
);


ALTER TABLE public.auth_group_permissions OWNER TO postgres;

--
-- Name: auth_group_permissions_id_seq; Type: SEQUENCE; Schema: public; Owner: postgres
--

ALTER TABLE public.auth_group_permissions ALTER COLUMN id ADD GENERATED BY DEFAULT AS IDENTITY (
    SEQUENCE NAME public.auth_group_permissions_id_seq
    START WITH 1
    INCREMENT BY 1
    NO MINVALUE
    NO MAXVALUE
    CACHE 1
);


--
-- Name: auth_permission; Type: TABLE; Schema: public; Owner: postgres
--

CREATE TABLE public.auth_permission (
    id integer NOT NULL,
    name character varying(255) NOT NULL,
    content_type_id integer NOT NULL,
    codename character varying(100) NOT NULL
);


ALTER TABLE public.auth_permission OWNER TO postgres;

--
-- Name: auth_permission_id_seq; Type: SEQUENCE; Schema: public; Owner: postgres
--

ALTER TABLE public.auth_permission ALTER COLUMN id ADD GENERATED BY DEFAULT AS IDENTITY (
    SEQUENCE NAME public.auth_permission_id_seq
    START WITH 1
    INCREMENT BY 1
    NO MINVALUE
    NO MAXVALUE
    CACHE 1
);


--
-- Name: django_admin_log; Type: TABLE; Schema: public; Owner: postgres
--

CREATE TABLE public.django_admin_log (
    id integer NOT NULL,
    action_time timestamp with time zone NOT NULL,
    object_id text,
    object_repr character varying(200) NOT NULL,
    action_flag smallint NOT NULL,
    change_message text NOT NULL,
    content_type_id integer,
    user_id bigint NOT NULL,
    CONSTRAINT django_admin_log_action_flag_check CHECK ((action_flag >= 0))
);


ALTER TABLE public.django_admin_log OWNER TO postgres;

--
-- Name: django_admin_log_id_seq; Type: SEQUENCE; Schema: public; Owner: postgres
--

ALTER TABLE public.django_admin_log ALTER COLUMN id ADD GENERATED BY DEFAULT AS IDENTITY (
    SEQUENCE NAME public.django_admin_log_id_seq
    START WITH 1
    INCREMENT BY 1
    NO MINVALUE
    NO MAXVALUE
    CACHE 1
);


--
-- Name: django_content_type; Type: TABLE; Schema: public; Owner: postgres
--

CREATE TABLE public.django_content_type (
    id integer NOT NULL,
    app_label character varying(100) NOT NULL,
    model character varying(100) NOT NULL
);


ALTER TABLE public.django_content_type OWNER TO postgres;

--
-- Name: django_content_type_id_seq; Type: SEQUENCE; Schema: public; Owner: postgres
--

ALTER TABLE public.django_content_type ALTER COLUMN id ADD GENERATED BY DEFAULT AS IDENTITY (
    SEQUENCE NAME public.django_content_type_id_seq
    START WITH 1
    INCREMENT BY 1
    NO MINVALUE
    NO MAXVALUE
    CACHE 1
);


--
-- Name: django_migrations; Type: TABLE; Schema: public; Owner: postgres
--

CREATE TABLE public.django_migrations (
    id bigint NOT NULL,
    app character varying(255) NOT NULL,
    name character varying(255) NOT NULL,
    applied timestamp with time zone NOT NULL
);


ALTER TABLE public.django_migrations OWNER TO postgres;

--
-- Name: django_migrations_id_seq; Type: SEQUENCE; Schema: public; Owner: postgres
--

ALTER TABLE public.django_migrations ALTER COLUMN id ADD GENERATED BY DEFAULT AS IDENTITY (
    SEQUENCE NAME public.django_migrations_id_seq
    START WITH 1
    INCREMENT BY 1
    NO MINVALUE
    NO MAXVALUE
    CACHE 1
);


--
-- Name: django_session; Type: TABLE; Schema: public; Owner: postgres
--

CREATE TABLE public.django_session (
    session_key character varying(40) NOT NULL,
    session_data text NOT NULL,
    expire_date timestamp with time zone NOT NULL
);


ALTER TABLE public.django_session OWNER TO postgres;

--
-- Name: src_author; Type: TABLE; Schema: public; Owner: postgres
--

CREATE TABLE public.src_author (
    id bigint NOT NULL,
    first_name character varying(100) NOT NULL,
    last_name character varying(100) NOT NULL,
    photo character varying(100),
    date_create timestamp with time zone NOT NULL,
    date_update timestamp with time zone NOT NULL
);


ALTER TABLE public.src_author OWNER TO postgres;

--
-- Name: src_author_id_seq; Type: SEQUENCE; Schema: public; Owner: postgres
--

ALTER TABLE public.src_author ALTER COLUMN id ADD GENERATED BY DEFAULT AS IDENTITY (
    SEQUENCE NAME public.src_author_id_seq
    START WITH 1
    INCREMENT BY 1
    NO MINVALUE
    NO MAXVALUE
    CACHE 1
);


--
-- Name: src_book; Type: TABLE; Schema: public; Owner: postgres
--

CREATE TABLE public.src_book (
    id bigint NOT NULL,
    title character varying(200) NOT NULL,
    description text NOT NULL,
    page_count integer NOT NULL,
    available_copies integer NOT NULL,
    date_create timestamp with time zone NOT NULL,
    date_update timestamp with time zone NOT NULL,
    author_id bigint NOT NULL,
    CONSTRAINT src_book_available_copies_check CHECK ((available_copies >= 0)),
    CONSTRAINT src_book_page_count_check CHECK ((page_count >= 0))
);


ALTER TABLE public.src_book OWNER TO postgres;

--
-- Name: src_book_id_seq; Type: SEQUENCE; Schema: public; Owner: postgres
--

ALTER TABLE public.src_book ALTER COLUMN id ADD GENERATED BY DEFAULT AS IDENTITY (
    SEQUENCE NAME public.src_book_id_seq
    START WITH 1
    INCREMENT BY 1
    NO MINVALUE
    NO MAXVALUE
    CACHE 1
);


--
-- Name: src_reader; Type: TABLE; Schema: public; Owner: postgres
--

CREATE TABLE public.src_reader (
    id bigint NOT NULL,
    password character varying(128) NOT NULL,
    last_login timestamp with time zone,
    is_superuser boolean NOT NULL,
    username character varying(150) NOT NULL,
    first_name character varying(150) NOT NULL,
    last_name character varying(150) NOT NULL,
    email character varying(254) NOT NULL,
    is_staff boolean NOT NULL,
    date_joined timestamp with time zone NOT NULL,
    phone_number bigint NOT NULL,
    is_active boolean NOT NULL,
    date_update timestamp with time zone NOT NULL
);


ALTER TABLE public.src_reader OWNER TO postgres;

--
-- Name: src_reader_books; Type: TABLE; Schema: public; Owner: postgres
--

CREATE TABLE public.src_reader_books (
    id bigint NOT NULL,
    reader_id bigint NOT NULL,
    book_id bigint NOT NULL
);


ALTER TABLE public.src_reader_books OWNER TO postgres;

--
-- Name: src_reader_books_id_seq; Type: SEQUENCE; Schema: public; Owner: postgres
--

ALTER TABLE public.src_reader_books ALTER COLUMN id ADD GENERATED BY DEFAULT AS IDENTITY (
    SEQUENCE NAME public.src_reader_books_id_seq
    START WITH 1
    INCREMENT BY 1
    NO MINVALUE
    NO MAXVALUE
    CACHE 1
);


--
-- Name: src_reader_groups; Type: TABLE; Schema: public; Owner: postgres
--

CREATE TABLE public.src_reader_groups (
    id bigint NOT NULL,
    reader_id bigint NOT NULL,
    group_id integer NOT NULL
);


ALTER TABLE public.src_reader_groups OWNER TO postgres;

--
-- Name: src_reader_groups_id_seq; Type: SEQUENCE; Schema: public; Owner: postgres
--

ALTER TABLE public.src_reader_groups ALTER COLUMN id ADD GENERATED BY DEFAULT AS IDENTITY (
    SEQUENCE NAME public.src_reader_groups_id_seq
    START WITH 1
    INCREMENT BY 1
    NO MINVALUE
    NO MAXVALUE
    CACHE 1
);


--
-- Name: src_reader_id_seq; Type: SEQUENCE; Schema: public; Owner: postgres
--

ALTER TABLE public.src_reader ALTER COLUMN id ADD GENERATED BY DEFAULT AS IDENTITY (
    SEQUENCE NAME public.src_reader_id_seq
    START WITH 1
    INCREMENT BY 1
    NO MINVALUE
    NO MAXVALUE
    CACHE 1
);


--
-- Name: src_reader_user_permissions; Type: TABLE; Schema: public; Owner: postgres
--

CREATE TABLE public.src_reader_user_permissions (
    id bigint NOT NULL,
    reader_id bigint NOT NULL,
    permission_id integer NOT NULL
);


ALTER TABLE public.src_reader_user_permissions OWNER TO postgres;

--
-- Name: src_reader_user_permissions_id_seq; Type: SEQUENCE; Schema: public; Owner: postgres
--

ALTER TABLE public.src_reader_user_permissions ALTER COLUMN id ADD GENERATED BY DEFAULT AS IDENTITY (
    SEQUENCE NAME public.src_reader_user_permissions_id_seq
    START WITH 1
    INCREMENT BY 1
    NO MINVALUE
    NO MAXVALUE
    CACHE 1
);


--
-- Data for Name: auth_group; Type: TABLE DATA; Schema: public; Owner: postgres
--

COPY public.auth_group (id, name) FROM stdin;
\.


--
-- Data for Name: auth_group_permissions; Type: TABLE DATA; Schema: public; Owner: postgres
--

COPY public.auth_group_permissions (id, group_id, permission_id) FROM stdin;
\.


--
-- Data for Name: auth_permission; Type: TABLE DATA; Schema: public; Owner: postgres
--

COPY public.auth_permission (id, name, content_type_id, codename) FROM stdin;
1	Can add log entry	1	add_logentry
2	Can change log entry	1	change_logentry
3	Can delete log entry	1	delete_logentry
4	Can view log entry	1	view_logentry
5	Can add permission	2	add_permission
6	Can change permission	2	change_permission
7	Can delete permission	2	delete_permission
8	Can view permission	2	view_permission
9	Can add group	3	add_group
10	Can change group	3	change_group
11	Can delete group	3	delete_group
12	Can view group	3	view_group
13	Can add content type	4	add_contenttype
14	Can change content type	4	change_contenttype
15	Can delete content type	4	delete_contenttype
16	Can view content type	4	view_contenttype
17	Can add session	5	add_session
18	Can change session	5	change_session
19	Can delete session	5	delete_session
20	Can view session	5	view_session
21	Can add author	6	add_author
22	Can change author	6	change_author
23	Can delete author	6	delete_author
24	Can view author	6	view_author
25	Can add book	7	add_book
26	Can change book	7	change_book
27	Can delete book	7	delete_book
28	Can view book	7	view_book
29	Can add user	8	add_reader
30	Can change user	8	change_reader
31	Can delete user	8	delete_reader
32	Can view user	8	view_reader
\.


--
-- Data for Name: django_admin_log; Type: TABLE DATA; Schema: public; Owner: postgres
--

COPY public.django_admin_log (id, action_time, object_id, object_repr, action_flag, change_message, content_type_id, user_id) FROM stdin;
\.


--
-- Data for Name: django_content_type; Type: TABLE DATA; Schema: public; Owner: postgres
--

COPY public.django_content_type (id, app_label, model) FROM stdin;
1	admin	logentry
2	auth	permission
3	auth	group
4	contenttypes	contenttype
5	sessions	session
6	src	author
7	src	book
8	src	reader
\.


--
-- Data for Name: django_migrations; Type: TABLE DATA; Schema: public; Owner: postgres
--

COPY public.django_migrations (id, app, name, applied) FROM stdin;
1	contenttypes	0001_initial	2023-03-06 23:47:35.213261+03
2	contenttypes	0002_remove_content_type_name	2023-03-06 23:47:35.21748+03
3	auth	0001_initial	2023-03-06 23:47:35.245602+03
4	auth	0002_alter_permission_name_max_length	2023-03-06 23:47:35.251438+03
5	auth	0003_alter_user_email_max_length	2023-03-06 23:47:35.25481+03
6	auth	0004_alter_user_username_opts	2023-03-06 23:47:35.257847+03
7	auth	0005_alter_user_last_login_null	2023-03-06 23:47:35.260389+03
8	auth	0006_require_contenttypes_0002	2023-03-06 23:47:35.261379+03
9	auth	0007_alter_validators_add_error_messages	2023-03-06 23:47:35.263926+03
10	auth	0008_alter_user_username_max_length	2023-03-06 23:47:35.266435+03
11	auth	0009_alter_user_last_name_max_length	2023-03-06 23:47:35.268897+03
12	auth	0010_alter_group_name_max_length	2023-03-06 23:47:35.273972+03
13	auth	0011_update_proxy_permissions	2023-03-06 23:47:35.278731+03
14	auth	0012_alter_user_first_name_max_length	2023-03-06 23:47:35.281584+03
15	src	0001_initial	2023-03-06 23:47:35.337711+03
16	admin	0001_initial	2023-03-06 23:47:35.351893+03
17	admin	0002_logentry_remove_auto_add	2023-03-06 23:47:35.356132+03
18	admin	0003_logentry_add_action_flag_choices	2023-03-06 23:47:35.360212+03
19	sessions	0001_initial	2023-03-06 23:47:35.367004+03
\.


--
-- Data for Name: django_session; Type: TABLE DATA; Schema: public; Owner: postgres
--

COPY public.django_session (session_key, session_data, expire_date) FROM stdin;
toaotja58v8h58r2cgp4yaskbou9x0c9	.eJxVjMsOwiAQRf-FtSEdoTxcuu83kGEYpGogKe3K-O_apAvd3nPOfYmA21rC1nkJcxIXAeL0u0WkB9cdpDvWW5PU6rrMUe6KPGiXU0v8vB7u30HBXr61N6NFSDFbTcoqZD1aAEaFSjt2rMk6GmhIyXvtPCBnsh7IG52dyWfx_gDjYTfy:1paBdX:rTOrgP9Q_xP9IFVLjuGVeybFX_ENVErqfLy88cFBPxA	2023-03-23 11:28:31.4143+03
\.


--
-- Data for Name: src_author; Type: TABLE DATA; Schema: public; Owner: postgres
--

COPY public.src_author (id, first_name, last_name, photo, date_create, date_update) FROM stdin;
\.


--
-- Data for Name: src_book; Type: TABLE DATA; Schema: public; Owner: postgres
--

COPY public.src_book (id, title, description, page_count, available_copies, date_create, date_update, author_id) FROM stdin;
\.


--
-- Data for Name: src_reader; Type: TABLE DATA; Schema: public; Owner: postgres
--

COPY public.src_reader (id, password, last_login, is_superuser, username, first_name, last_name, email, is_staff, date_joined, phone_number, is_active, date_update) FROM stdin;
2	pbkdf2_sha256$390000$VVaXiMgaE90Xhg0l2tmhDn$n4xJOL2kkQmVLFOQewUxsF1Fda6mRixs8WiFGSqOEYU=	\N	f	reader_test				f	2023-03-06 23:49:51.426547+03	79999999999	t	2023-03-06 23:49:51.544746+03
1	pbkdf2_sha256$390000$f1HVUMylqZIKchhvd3TuMb$7gHkFjDVnF8aLzhUkWHdTqqCfV9IL0nkYuLasFPsN9s=	2023-03-09 11:28:31.412644+03	t	admin				t	2023-03-06 23:48:34.752669+03	79999999999	t	2023-03-09 11:28:02.381284+03
\.


--
-- Data for Name: src_reader_books; Type: TABLE DATA; Schema: public; Owner: postgres
--

COPY public.src_reader_books (id, reader_id, book_id) FROM stdin;
\.


--
-- Data for Name: src_reader_groups; Type: TABLE DATA; Schema: public; Owner: postgres
--

COPY public.src_reader_groups (id, reader_id, group_id) FROM stdin;
\.


--
-- Data for Name: src_reader_user_permissions; Type: TABLE DATA; Schema: public; Owner: postgres
--

COPY public.src_reader_user_permissions (id, reader_id, permission_id) FROM stdin;
\.


--
-- Name: auth_group_id_seq; Type: SEQUENCE SET; Schema: public; Owner: postgres
--

SELECT pg_catalog.setval('public.auth_group_id_seq', 1, false);


--
-- Name: auth_group_permissions_id_seq; Type: SEQUENCE SET; Schema: public; Owner: postgres
--

SELECT pg_catalog.setval('public.auth_group_permissions_id_seq', 1, false);


--
-- Name: auth_permission_id_seq; Type: SEQUENCE SET; Schema: public; Owner: postgres
--

SELECT pg_catalog.setval('public.auth_permission_id_seq', 32, true);


--
-- Name: django_admin_log_id_seq; Type: SEQUENCE SET; Schema: public; Owner: postgres
--

SELECT pg_catalog.setval('public.django_admin_log_id_seq', 1, false);


--
-- Name: django_content_type_id_seq; Type: SEQUENCE SET; Schema: public; Owner: postgres
--

SELECT pg_catalog.setval('public.django_content_type_id_seq', 8, true);


--
-- Name: django_migrations_id_seq; Type: SEQUENCE SET; Schema: public; Owner: postgres
--

SELECT pg_catalog.setval('public.django_migrations_id_seq', 19, true);


--
-- Name: src_author_id_seq; Type: SEQUENCE SET; Schema: public; Owner: postgres
--

SELECT pg_catalog.setval('public.src_author_id_seq', 1, false);


--
-- Name: src_book_id_seq; Type: SEQUENCE SET; Schema: public; Owner: postgres
--

SELECT pg_catalog.setval('public.src_book_id_seq', 1, false);


--
-- Name: src_reader_books_id_seq; Type: SEQUENCE SET; Schema: public; Owner: postgres
--

SELECT pg_catalog.setval('public.src_reader_books_id_seq', 1, false);


--
-- Name: src_reader_groups_id_seq; Type: SEQUENCE SET; Schema: public; Owner: postgres
--

SELECT pg_catalog.setval('public.src_reader_groups_id_seq', 1, false);


--
-- Name: src_reader_id_seq; Type: SEQUENCE SET; Schema: public; Owner: postgres
--

SELECT pg_catalog.setval('public.src_reader_id_seq', 4, true);


--
-- Name: src_reader_user_permissions_id_seq; Type: SEQUENCE SET; Schema: public; Owner: postgres
--

SELECT pg_catalog.setval('public.src_reader_user_permissions_id_seq', 1, false);


--
-- Name: auth_group auth_group_name_key; Type: CONSTRAINT; Schema: public; Owner: postgres
--

ALTER TABLE ONLY public.auth_group
    ADD CONSTRAINT auth_group_name_key UNIQUE (name);


--
-- Name: auth_group_permissions auth_group_permissions_group_id_permission_id_0cd325b0_uniq; Type: CONSTRAINT; Schema: public; Owner: postgres
--

ALTER TABLE ONLY public.auth_group_permissions
    ADD CONSTRAINT auth_group_permissions_group_id_permission_id_0cd325b0_uniq UNIQUE (group_id, permission_id);


--
-- Name: auth_group_permissions auth_group_permissions_pkey; Type: CONSTRAINT; Schema: public; Owner: postgres
--

ALTER TABLE ONLY public.auth_group_permissions
    ADD CONSTRAINT auth_group_permissions_pkey PRIMARY KEY (id);


--
-- Name: auth_group auth_group_pkey; Type: CONSTRAINT; Schema: public; Owner: postgres
--

ALTER TABLE ONLY public.auth_group
    ADD CONSTRAINT auth_group_pkey PRIMARY KEY (id);


--
-- Name: auth_permission auth_permission_content_type_id_codename_01ab375a_uniq; Type: CONSTRAINT; Schema: public; Owner: postgres
--

ALTER TABLE ONLY public.auth_permission
    ADD CONSTRAINT auth_permission_content_type_id_codename_01ab375a_uniq UNIQUE (content_type_id, codename);


--
-- Name: auth_permission auth_permission_pkey; Type: CONSTRAINT; Schema: public; Owner: postgres
--

ALTER TABLE ONLY public.auth_permission
    ADD CONSTRAINT auth_permission_pkey PRIMARY KEY (id);


--
-- Name: django_admin_log django_admin_log_pkey; Type: CONSTRAINT; Schema: public; Owner: postgres
--

ALTER TABLE ONLY public.django_admin_log
    ADD CONSTRAINT django_admin_log_pkey PRIMARY KEY (id);


--
-- Name: django_content_type django_content_type_app_label_model_76bd3d3b_uniq; Type: CONSTRAINT; Schema: public; Owner: postgres
--

ALTER TABLE ONLY public.django_content_type
    ADD CONSTRAINT django_content_type_app_label_model_76bd3d3b_uniq UNIQUE (app_label, model);


--
-- Name: django_content_type django_content_type_pkey; Type: CONSTRAINT; Schema: public; Owner: postgres
--

ALTER TABLE ONLY public.django_content_type
    ADD CONSTRAINT django_content_type_pkey PRIMARY KEY (id);


--
-- Name: django_migrations django_migrations_pkey; Type: CONSTRAINT; Schema: public; Owner: postgres
--

ALTER TABLE ONLY public.django_migrations
    ADD CONSTRAINT django_migrations_pkey PRIMARY KEY (id);


--
-- Name: django_session django_session_pkey; Type: CONSTRAINT; Schema: public; Owner: postgres
--

ALTER TABLE ONLY public.django_session
    ADD CONSTRAINT django_session_pkey PRIMARY KEY (session_key);


--
-- Name: src_author src_author_pkey; Type: CONSTRAINT; Schema: public; Owner: postgres
--

ALTER TABLE ONLY public.src_author
    ADD CONSTRAINT src_author_pkey PRIMARY KEY (id);


--
-- Name: src_book src_book_pkey; Type: CONSTRAINT; Schema: public; Owner: postgres
--

ALTER TABLE ONLY public.src_book
    ADD CONSTRAINT src_book_pkey PRIMARY KEY (id);


--
-- Name: src_reader_books src_reader_books_pkey; Type: CONSTRAINT; Schema: public; Owner: postgres
--

ALTER TABLE ONLY public.src_reader_books
    ADD CONSTRAINT src_reader_books_pkey PRIMARY KEY (id);


--
-- Name: src_reader_books src_reader_books_reader_id_book_id_19c79f58_uniq; Type: CONSTRAINT; Schema: public; Owner: postgres
--

ALTER TABLE ONLY public.src_reader_books
    ADD CONSTRAINT src_reader_books_reader_id_book_id_19c79f58_uniq UNIQUE (reader_id, book_id);


--
-- Name: src_reader_groups src_reader_groups_pkey; Type: CONSTRAINT; Schema: public; Owner: postgres
--

ALTER TABLE ONLY public.src_reader_groups
    ADD CONSTRAINT src_reader_groups_pkey PRIMARY KEY (id);


--
-- Name: src_reader_groups src_reader_groups_reader_id_group_id_8eac40dd_uniq; Type: CONSTRAINT; Schema: public; Owner: postgres
--

ALTER TABLE ONLY public.src_reader_groups
    ADD CONSTRAINT src_reader_groups_reader_id_group_id_8eac40dd_uniq UNIQUE (reader_id, group_id);


--
-- Name: src_reader src_reader_pkey; Type: CONSTRAINT; Schema: public; Owner: postgres
--

ALTER TABLE ONLY public.src_reader
    ADD CONSTRAINT src_reader_pkey PRIMARY KEY (id);


--
-- Name: src_reader_user_permissions src_reader_user_permissi_reader_id_permission_id_c64aadb6_uniq; Type: CONSTRAINT; Schema: public; Owner: postgres
--

ALTER TABLE ONLY public.src_reader_user_permissions
    ADD CONSTRAINT src_reader_user_permissi_reader_id_permission_id_c64aadb6_uniq UNIQUE (reader_id, permission_id);


--
-- Name: src_reader_user_permissions src_reader_user_permissions_pkey; Type: CONSTRAINT; Schema: public; Owner: postgres
--

ALTER TABLE ONLY public.src_reader_user_permissions
    ADD CONSTRAINT src_reader_user_permissions_pkey PRIMARY KEY (id);


--
-- Name: src_reader src_reader_username_key; Type: CONSTRAINT; Schema: public; Owner: postgres
--

ALTER TABLE ONLY public.src_reader
    ADD CONSTRAINT src_reader_username_key UNIQUE (username);


--
-- Name: auth_group_name_a6ea08ec_like; Type: INDEX; Schema: public; Owner: postgres
--

CREATE INDEX auth_group_name_a6ea08ec_like ON public.auth_group USING btree (name varchar_pattern_ops);


--
-- Name: auth_group_permissions_group_id_b120cbf9; Type: INDEX; Schema: public; Owner: postgres
--

CREATE INDEX auth_group_permissions_group_id_b120cbf9 ON public.auth_group_permissions USING btree (group_id);


--
-- Name: auth_group_permissions_permission_id_84c5c92e; Type: INDEX; Schema: public; Owner: postgres
--

CREATE INDEX auth_group_permissions_permission_id_84c5c92e ON public.auth_group_permissions USING btree (permission_id);


--
-- Name: auth_permission_content_type_id_2f476e4b; Type: INDEX; Schema: public; Owner: postgres
--

CREATE INDEX auth_permission_content_type_id_2f476e4b ON public.auth_permission USING btree (content_type_id);


--
-- Name: django_admin_log_content_type_id_c4bce8eb; Type: INDEX; Schema: public; Owner: postgres
--

CREATE INDEX django_admin_log_content_type_id_c4bce8eb ON public.django_admin_log USING btree (content_type_id);


--
-- Name: django_admin_log_user_id_c564eba6; Type: INDEX; Schema: public; Owner: postgres
--

CREATE INDEX django_admin_log_user_id_c564eba6 ON public.django_admin_log USING btree (user_id);


--
-- Name: django_session_expire_date_a5c62663; Type: INDEX; Schema: public; Owner: postgres
--

CREATE INDEX django_session_expire_date_a5c62663 ON public.django_session USING btree (expire_date);


--
-- Name: django_session_session_key_c0390e0f_like; Type: INDEX; Schema: public; Owner: postgres
--

CREATE INDEX django_session_session_key_c0390e0f_like ON public.django_session USING btree (session_key varchar_pattern_ops);


--
-- Name: src_book_author_id_2a933384; Type: INDEX; Schema: public; Owner: postgres
--

CREATE INDEX src_book_author_id_2a933384 ON public.src_book USING btree (author_id);


--
-- Name: src_reader_books_book_id_a4fac370; Type: INDEX; Schema: public; Owner: postgres
--

CREATE INDEX src_reader_books_book_id_a4fac370 ON public.src_reader_books USING btree (book_id);


--
-- Name: src_reader_books_reader_id_67a59518; Type: INDEX; Schema: public; Owner: postgres
--

CREATE INDEX src_reader_books_reader_id_67a59518 ON public.src_reader_books USING btree (reader_id);


--
-- Name: src_reader_groups_group_id_a52361c8; Type: INDEX; Schema: public; Owner: postgres
--

CREATE INDEX src_reader_groups_group_id_a52361c8 ON public.src_reader_groups USING btree (group_id);


--
-- Name: src_reader_groups_reader_id_2fb583ab; Type: INDEX; Schema: public; Owner: postgres
--

CREATE INDEX src_reader_groups_reader_id_2fb583ab ON public.src_reader_groups USING btree (reader_id);


--
-- Name: src_reader_user_permissions_permission_id_e759e62e; Type: INDEX; Schema: public; Owner: postgres
--

CREATE INDEX src_reader_user_permissions_permission_id_e759e62e ON public.src_reader_user_permissions USING btree (permission_id);


--
-- Name: src_reader_user_permissions_reader_id_87038b87; Type: INDEX; Schema: public; Owner: postgres
--

CREATE INDEX src_reader_user_permissions_reader_id_87038b87 ON public.src_reader_user_permissions USING btree (reader_id);


--
-- Name: src_reader_username_8e523c1b_like; Type: INDEX; Schema: public; Owner: postgres
--

CREATE INDEX src_reader_username_8e523c1b_like ON public.src_reader USING btree (username varchar_pattern_ops);


--
-- Name: auth_group_permissions auth_group_permissio_permission_id_84c5c92e_fk_auth_perm; Type: FK CONSTRAINT; Schema: public; Owner: postgres
--

ALTER TABLE ONLY public.auth_group_permissions
    ADD CONSTRAINT auth_group_permissio_permission_id_84c5c92e_fk_auth_perm FOREIGN KEY (permission_id) REFERENCES public.auth_permission(id) DEFERRABLE INITIALLY DEFERRED;


--
-- Name: auth_group_permissions auth_group_permissions_group_id_b120cbf9_fk_auth_group_id; Type: FK CONSTRAINT; Schema: public; Owner: postgres
--

ALTER TABLE ONLY public.auth_group_permissions
    ADD CONSTRAINT auth_group_permissions_group_id_b120cbf9_fk_auth_group_id FOREIGN KEY (group_id) REFERENCES public.auth_group(id) DEFERRABLE INITIALLY DEFERRED;


--
-- Name: auth_permission auth_permission_content_type_id_2f476e4b_fk_django_co; Type: FK CONSTRAINT; Schema: public; Owner: postgres
--

ALTER TABLE ONLY public.auth_permission
    ADD CONSTRAINT auth_permission_content_type_id_2f476e4b_fk_django_co FOREIGN KEY (content_type_id) REFERENCES public.django_content_type(id) DEFERRABLE INITIALLY DEFERRED;


--
-- Name: django_admin_log django_admin_log_content_type_id_c4bce8eb_fk_django_co; Type: FK CONSTRAINT; Schema: public; Owner: postgres
--

ALTER TABLE ONLY public.django_admin_log
    ADD CONSTRAINT django_admin_log_content_type_id_c4bce8eb_fk_django_co FOREIGN KEY (content_type_id) REFERENCES public.django_content_type(id) DEFERRABLE INITIALLY DEFERRED;


--
-- Name: django_admin_log django_admin_log_user_id_c564eba6_fk_src_reader_id; Type: FK CONSTRAINT; Schema: public; Owner: postgres
--

ALTER TABLE ONLY public.django_admin_log
    ADD CONSTRAINT django_admin_log_user_id_c564eba6_fk_src_reader_id FOREIGN KEY (user_id) REFERENCES public.src_reader(id) DEFERRABLE INITIALLY DEFERRED;


--
-- Name: src_book src_book_author_id_2a933384_fk_src_author_id; Type: FK CONSTRAINT; Schema: public; Owner: postgres
--

ALTER TABLE ONLY public.src_book
    ADD CONSTRAINT src_book_author_id_2a933384_fk_src_author_id FOREIGN KEY (author_id) REFERENCES public.src_author(id) DEFERRABLE INITIALLY DEFERRED;


--
-- Name: src_reader_books src_reader_books_book_id_a4fac370_fk_src_book_id; Type: FK CONSTRAINT; Schema: public; Owner: postgres
--

ALTER TABLE ONLY public.src_reader_books
    ADD CONSTRAINT src_reader_books_book_id_a4fac370_fk_src_book_id FOREIGN KEY (book_id) REFERENCES public.src_book(id) DEFERRABLE INITIALLY DEFERRED;


--
-- Name: src_reader_books src_reader_books_reader_id_67a59518_fk_src_reader_id; Type: FK CONSTRAINT; Schema: public; Owner: postgres
--

ALTER TABLE ONLY public.src_reader_books
    ADD CONSTRAINT src_reader_books_reader_id_67a59518_fk_src_reader_id FOREIGN KEY (reader_id) REFERENCES public.src_reader(id) DEFERRABLE INITIALLY DEFERRED;


--
-- Name: src_reader_groups src_reader_groups_group_id_a52361c8_fk_auth_group_id; Type: FK CONSTRAINT; Schema: public; Owner: postgres
--

ALTER TABLE ONLY public.src_reader_groups
    ADD CONSTRAINT src_reader_groups_group_id_a52361c8_fk_auth_group_id FOREIGN KEY (group_id) REFERENCES public.auth_group(id) DEFERRABLE INITIALLY DEFERRED;


--
-- Name: src_reader_groups src_reader_groups_reader_id_2fb583ab_fk_src_reader_id; Type: FK CONSTRAINT; Schema: public; Owner: postgres
--

ALTER TABLE ONLY public.src_reader_groups
    ADD CONSTRAINT src_reader_groups_reader_id_2fb583ab_fk_src_reader_id FOREIGN KEY (reader_id) REFERENCES public.src_reader(id) DEFERRABLE INITIALLY DEFERRED;


--
-- Name: src_reader_user_permissions src_reader_user_perm_permission_id_e759e62e_fk_auth_perm; Type: FK CONSTRAINT; Schema: public; Owner: postgres
--

ALTER TABLE ONLY public.src_reader_user_permissions
    ADD CONSTRAINT src_reader_user_perm_permission_id_e759e62e_fk_auth_perm FOREIGN KEY (permission_id) REFERENCES public.auth_permission(id) DEFERRABLE INITIALLY DEFERRED;


--
-- Name: src_reader_user_permissions src_reader_user_permissions_reader_id_87038b87_fk_src_reader_id; Type: FK CONSTRAINT; Schema: public; Owner: postgres
--

ALTER TABLE ONLY public.src_reader_user_permissions
    ADD CONSTRAINT src_reader_user_permissions_reader_id_87038b87_fk_src_reader_id FOREIGN KEY (reader_id) REFERENCES public.src_reader(id) DEFERRABLE INITIALLY DEFERRED;


--
-- PostgreSQL database dump complete
--

